CustomerID,FullName,Phone,Email,JoinDate
1,Adel Hassan,1210774133,adel.hassan1@gmail.com,2/1/2013
2,Samy Mostafa,1560940235,samy.mostafa2@gmail.com,7/5/2014
3,Samira Hamed,1515382740,samira.hamed3@gmail.com,10/5/2014
4,Hana Wael,1031500638,hana.wael4@gmail.com,8/20/2014
5,Ghada Osama,1567260039,ghada.osama5@gmail.com,9/15/2013
6,Mariam Magdy,1057905434,mariam.magdy6@gmail.com,9/20/2013
7,Adel Farouk,1084457740,adel.farouk7@gmail.com,11/10/2014
8,Hana Farouk,1115793084,hana.farouk8@gmail.com,1/1/2015
9,Wael Hassan,1091699111,wael.hassan9@gmail.com,1/20/2015
10,Dalia Samir,1272296016,dalia.samir10@gmail.com,10/5/2014
11,Nour Nabil,1558578380,nour.nabil11@gmail.com,5/5/2013
12,Mahmoud Atef,1528603737,mahmoud.atef12@gmail.com,5/10/2013
13,Ahmed Tawfik,1535249294,ahmed.tawfik13@gmail.com,6/5/2014
14,Wael Magdy,1177845234,wael.magdy14@gmail.com,3/25/2013
15,Karim Salah,1511513077,karim.salah15@gmail.com,1/15/2013
16,Doaa Sobhy,1577672396,doaa.sobhy16@gmail.com,11/10/2014
17,Khaled Badr,1175275936,khaled.badr17@gmail.com,2/5/2015
18,Nour Hamed,1159591484,nour.hamed18@gmail.com,8/5/2013
19,Dalia Zaki,1260658162,dalia.zaki19@gmail.com,2/20/2014
20,Samira Monir,1066678771,samira.monir20@gmail.com,12/5/2014
21,Khaled Zaki,1590098829,khaled.zaki21@gmail.com,6/20/2013
22,Amr Nabil,1223537607,amr.nabil22@gmail.com,3/10/2015
23,Essam Khalil,1591135186,essam.khalil23@gmail.com,7/25/2014
24,Ahmed Farouk,1015541534,ahmed.farouk24@gmail.com,12/20/2014
25,Nour Magdy,1145487678,nour.magdy25@gmail.com,12/25/2014
26,Ahmed Fathy,1244692399,ahmed.fathy26@gmail.com,11/25/2013
27,Mahmoud Lotfy,1046470477,mahmoud.lotfy27@gmail.com,11/20/2014
28,Sherif Farouk,1265898626,sherif.farouk28@gmail.com,2/15/2014
29,Dalia Wael,1595147938,dalia.wael29@gmail.com,6/20/2013
30,Doaa Ali,1123416249,doaa.ali30@gmail.com,10/5/2013
31,Khaled Zaki,1066687798,khaled.zaki31@gmail.com,7/1/2014
32,Mariam Hamed,1052973352,mariam.hamed32@gmail.com,3/5/2015
33,Heba Osama,1239872900,heba.osama33@gmail.com,2/1/2013
34,Mahmoud Osama,1038406823,mahmoud.osama34@gmail.com,7/25/2014
35,Mahmoud Samir,1242374752,mahmoud.samir35@gmail.com,7/20/2014
36,Omar Youssef,1580583028,omar.youssef36@gmail.com,11/15/2014
37,Adel Hassan,1220777094,adel.hassan37@gmail.com,3/5/2014
38,Ghada Osama,1041532425,ghada.osama38@gmail.com,7/20/2014
39,Yasmin Atef,1048078283,yasmin.atef39@gmail.com,8/1/2013
40,Rania Fouad,1599745380,rania.fouad40@gmail.com,3/10/2014
41,Doaa Youssef,1274488097,doaa.youssef41@gmail.com,2/15/2015
42,Nancy Nasser,1243051364,nancy.nasser42@gmail.com,9/10/2013
43,Rania Osama,1170342011,rania.osama43@gmail.com,10/15/2013
44,Sara Emad,1564828269,sara.emad44@gmail.com,7/15/2014
45,Tarek Ali,1211883615,tarek.ali45@gmail.com,7/20/2014
46,Mahmoud Nasser,1543966025,mahmoud.nasser46@gmail.com,1/15/2013
47,Rania Gamal,1570266549,rania.gamal47@gmail.com,1/15/2014
48,Mariam Wael,1125682562,mariam.wael48@gmail.com,2/20/2015
49,Essam Atef,1578584986,essam.atef49@gmail.com,2/15/2014
50,Karim Gamal,1152425629,karim.gamal50@gmail.com,3/15/2014
51,Samy Youssef,1254842190,samy.youssef51@gmail.com,12/25/2014
52,Karim Wael,1533424159,karim.wael52@gmail.com,3/10/2015
53,Layla Tawfik,1072172864,layla.tawfik53@gmail.com,7/25/2013
54,Tarek Atef,1573374797,tarek.atef54@gmail.com,3/15/2015
55,Hazem Ali,1599416819,hazem.ali55@gmail.com,2/1/2013
56,Omar Gamal,1223987295,omar.gamal56@gmail.com,10/20/2013
57,Mahmoud Samir,1541324203,mahmoud.samir57@gmail.com,12/20/2014
58,Mariam Zaki,1141755400,mariam.zaki58@gmail.com,3/15/2015
59,Tarek Khalil,1181993205,tarek.khalil59@gmail.com,3/5/2015
60,Mahmoud Wael,1130821907,mahmoud.wael60@gmail.com,4/5/2014
61,Mona Ramadan,1535060593,mona.ramadan61@gmail.com,1/1/2015
62,Mariam Badr,1521660380,mariam.badr62@gmail.com,3/15/2013
63,Iman Emad,1560053192,iman.emad63@gmail.com,10/5/2014
64,Hazem Nabil,1085102915,hazem.nabil64@gmail.com,2/5/2014
65,Yasmin Osama,1050990965,yasmin.osama65@gmail.com,1/20/2015
66,Amr Ramadan,1174564099,amr.ramadan66@gmail.com,10/25/2013
67,Amir Hassan,1514221767,amir.hassan67@gmail.com,3/5/2013
68,Khaled Youssef,1565376984,khaled.youssef68@gmail.com,1/5/2014
69,Doaa Nabil,1088580630,doaa.nabil69@gmail.com,7/15/2014
70,Khaled Hamed,1086043270,khaled.hamed70@gmail.com,4/15/2013
71,Ahmed Ali,1067671956,ahmed.ali71@gmail.com,5/20/2014
72,Reem Fouad,1251460612,reem.fouad72@gmail.com,3/10/2014
73,Samy Monir,1115200122,samy.monir73@gmail.com,3/5/2013
74,Omar Osama,1263705619,omar.osama74@gmail.com,6/15/2013
75,Adel Hesham,1297351052,adel.hesham75@gmail.com,7/20/2013
76,Ahmed Monir,1234279710,ahmed.monir76@gmail.com,6/15/2013
77,Fady Zaki,1536508744,fady.zaki77@gmail.com,3/10/2013
78,Adel Sobhy,1131185715,adel.sobhy78@gmail.com,5/15/2013
79,Mariam Wael,1263668790,mariam.wael79@gmail.com,1/5/2015
80,Omar Ali,1517934675,omar.ali80@gmail.com,11/20/2014
81,Hossam Sobhy,1025830294,hossam.sobhy81@gmail.com,10/1/2014
82,Dina Farouk,1210124737,dina.farouk82@gmail.com,7/5/2013
83,Reem Ali,1064646168,reem.ali83@gmail.com,12/15/2013
84,Layla Youssef,1566442189,layla.youssef84@gmail.com,11/25/2013
85,Sherif Hamed,1265552368,sherif.hamed85@gmail.com,3/10/2014
86,Tarek Monir,1557799246,tarek.monir86@gmail.com,3/15/2013
87,Ghada Farouk,1276986380,ghada.farouk87@gmail.com,9/25/2014
88,Mona Ibrahim,1065197052,mona.ibrahim88@gmail.com,1/15/2013
89,Amr Magdy,1286908551,amr.magdy89@gmail.com,4/1/2014
90,Yasmin Atef,1556085239,yasmin.atef90@gmail.com,4/5/2014
91,Nancy Nabil,1552470177,nancy.nabil91@gmail.com,1/1/2015
92,Layla Ali,1219362037,layla.ali92@gmail.com,3/20/2014
93,Ghada Samir,1140657194,ghada.samir93@gmail.com,3/1/2013
94,Omar Wael,1241003212,omar.wael94@gmail.com,1/25/2013
95,Sherif Nabil,1190946099,sherif.nabil95@gmail.com,10/1/2014
96,Wael Atef,1249582461,wael.atef96@gmail.com,1/5/2014
97,Iman Mostafa,1189610342,iman.mostafa97@gmail.com,2/5/2014
98,Reem Zaki,1580504584,reem.zaki98@gmail.com,7/5/2014
99,Adel Atef,1217219914,adel.atef99@gmail.com,1/15/2014
100,Lobna Lotfy,1145141971,lobna.lotfy100@gmail.com,5/20/2014
101,Hazem Monir,1530178266,hazem.monir101@gmail.com,10/20/2014
102,Bassem Zaki,1223794158,bassem.zaki102@gmail.com,1/1/2015
103,Ahmed Ramadan,1594264444,ahmed.ramadan103@gmail.com,4/5/2013
104,Mohamed Ali,1585032591,mohamed.ali104@gmail.com,1/10/2014
105,Nadia Samir,1187704028,nadia.samir105@gmail.com,1/5/2015
106,Sherif Ibrahim,1595369825,sherif.ibrahim106@gmail.com,12/1/2013
107,Tarek Mahmoud,1177479705,tarek.mahmoud107@gmail.com,6/10/2013
108,Karim Emad,1291127117,karim.emad108@gmail.com,9/1/2014
109,Nour Monir,1148142768,nour.monir109@gmail.com,11/1/2014
110,Tamer Ibrahim,1055954451,tamer.ibrahim110@gmail.com,4/15/2014
111,Lobna Tawfik,1058541273,lobna.tawfik111@gmail.com,11/15/2014
112,Mona Mostafa,1257076011,mona.mostafa112@gmail.com,5/1/2014
113,Reem Mahmoud,1139924424,reem.mahmoud113@gmail.com,1/5/2014
114,Bassem Monir,1246941136,bassem.monir114@gmail.com,3/10/2013
115,Wael Atef,1079003005,wael.atef115@gmail.com,1/25/2013
116,Mariam Adel,1119544981,mariam.adel116@gmail.com,11/5/2013
117,Tamer Gamal,1242031060,tamer.gamal117@gmail.com,2/20/2014
118,Salma Salah,1253774650,salma.salah118@gmail.com,3/20/2015
119,Mohamed Hesham,1538087907,mohamed.hesham119@gmail.com,6/5/2013
120,Hana Magdy,1119841415,hana.magdy120@gmail.com,5/5/2013
121,Khaled Samir,1551415212,khaled.samir121@gmail.com,7/10/2013
122,Omar Zaki,1052860548,omar.zaki122@gmail.com,11/25/2013
123,Mona Sobhy,1584306405,mona.sobhy123@gmail.com,10/15/2014
124,Tamer Farouk,1595315100,tamer.farouk124@gmail.com,8/10/2014
125,Nour Osama,1059650054,nour.osama125@gmail.com,2/5/2013
126,Salma Hassan,1296612652,salma.hassan126@gmail.com,1/25/2013
127,Hossam Monir,1161651007,hossam.monir127@gmail.com,10/5/2013
128,Layla Lotfy,1534065959,layla.lotfy128@gmail.com,11/25/2013
129,Yasmin Youssef,1554924044,yasmin.youssef129@gmail.com,8/5/2014
130,Hana Hassan,1591385372,hana.hassan130@gmail.com,11/10/2014
131,Nour Nasser,1515381194,nour.nasser131@gmail.com,9/15/2014
132,Samira Fathy,1169180503,samira.fathy132@gmail.com,3/1/2015
133,Mahmoud Osama,1599061502,mahmoud.osama133@gmail.com,3/1/2014
134,Amr Atef,1193257485,amr.atef134@gmail.com,2/5/2015
135,Essam Ramadan,1162184259,essam.ramadan135@gmail.com,1/1/2015
136,Omar Khalil,1258579923,omar.khalil136@gmail.com,12/20/2013
137,Hazem Mahmoud,1178040572,hazem.mahmoud137@gmail.com,4/10/2014
138,Salma Atef,1180774065,salma.atef138@gmail.com,8/1/2013
139,Hossam Khalil,1191160751,hossam.khalil139@gmail.com,1/20/2013
140,Omar Ramadan,1224047206,omar.ramadan140@gmail.com,2/10/2014
141,Nancy Hesham,1232273020,nancy.hesham141@gmail.com,9/15/2014
142,Nadia Lotfy,1523268550,nadia.lotfy142@gmail.com,4/10/2014
143,Fady Hesham,1135913040,fady.hesham143@gmail.com,9/20/2013
144,Khaled Nabil,1587058690,khaled.nabil144@gmail.com,10/20/2013
145,Khaled Khalil,1196053197,khaled.khalil145@gmail.com,1/20/2014
146,Adel Gamal,1518532559,adel.gamal146@gmail.com,3/15/2015
147,Karim Hesham,1072383239,karim.hesham147@gmail.com,5/5/2014
148,Amir Nabil,1029125748,amir.nabil148@gmail.com,5/20/2013
149,Mohamed Khalil,1015816545,mohamed.khalil149@gmail.com,8/5/2013
150,Adel Magdy,1551297732,adel.magdy150@gmail.com,3/10/2015
151,Heba Emad,1517570030,heba.emad151@gmail.com,1/5/2013
152,Reem Mahmoud,1153699584,reem.mahmoud152@gmail.com,10/20/2013
153,Samira Badr,1097196558,samira.badr153@gmail.com,6/25/2014
154,Yasmin Mahmoud,1054413415,yasmin.mahmoud154@gmail.com,10/5/2013
155,Adel Fouad,1590273248,adel.fouad155@gmail.com,9/25/2013
156,Amr Hesham,1595053367,amr.hesham156@gmail.com,1/15/2015
157,Amr Atef,1548518404,amr.atef157@gmail.com,5/10/2014
158,Layla Samir,1579204870,layla.samir158@gmail.com,3/10/2015
159,Lobna Gamal,1121924980,lobna.gamal159@gmail.com,4/5/2013
160,Reem Samir,1237703331,reem.samir160@gmail.com,11/25/2014
161,Adel Youssef,1069656154,adel.youssef161@gmail.com,2/25/2014
162,Salma Fathy,1123022574,salma.fathy162@gmail.com,2/5/2014
163,Samy Nasser,1225440655,samy.nasser163@gmail.com,2/10/2015
164,Heba Wael,1252355612,heba.wael164@gmail.com,1/15/2015
165,Doaa Samir,1299809345,doaa.samir165@gmail.com,9/15/2013
166,Ehab Nasser,1087134844,ehab.nasser166@gmail.com,7/1/2013
167,Adel Lotfy,1057613415,adel.lotfy167@gmail.com,8/5/2014
168,Iman Zaki,1580859233,iman.zaki168@gmail.com,3/1/2014
169,Ahmed Nabil,1517890941,ahmed.nabil169@gmail.com,2/20/2014
170,Rania Badr,1156919123,rania.badr170@gmail.com,4/20/2013
171,Rania Khalil,1035701522,rania.khalil171@gmail.com,4/20/2013
172,Dalia Ramadan,1527526169,dalia.ramadan172@gmail.com,1/20/2013
173,Lobna Emad,1046760731,lobna.emad173@gmail.com,12/25/2013
174,Amir Ramadan,1520357861,amir.ramadan174@gmail.com,3/20/2015
175,Mariam Khalil,1571622008,mariam.khalil175@gmail.com,5/1/2014
176,Ahmed Ibrahim,1217327242,ahmed.ibrahim176@gmail.com,12/15/2013
177,Sherif Nasser,1020895317,sherif.nasser177@gmail.com,1/1/2013
178,Layla Wael,1255924574,layla.wael178@gmail.com,8/10/2014
179,Doaa Atef,1271933148,doaa.atef179@gmail.com,4/20/2014
180,Mariam Adel,1558687943,mariam.adel180@gmail.com,8/15/2014
181,Yasmin Hesham,1188913244,yasmin.hesham181@gmail.com,9/10/2014
182,Lobna Hamed,1017873011,lobna.hamed182@gmail.com,3/10/2014
183,Ahmed Ramadan,1292450997,ahmed.ramadan183@gmail.com,1/25/2013
184,Hana Mostafa,1117316934,hana.mostafa184@gmail.com,3/10/2015
185,Samy Badr,1534940207,samy.badr185@gmail.com,6/1/2013
186,Samy Atef,1595425274,samy.atef186@gmail.com,1/25/2013
187,Mariam Fouad,1060359473,mariam.fouad187@gmail.com,3/5/2014
188,Iman Adel,1539491385,iman.adel188@gmail.com,1/15/2013
189,Ghada Farouk,1232134579,ghada.farouk189@gmail.com,12/5/2014
190,Nancy Hassan,1580891822,nancy.hassan190@gmail.com,3/25/2013
191,Mariam Youssef,1118376576,mariam.youssef191@gmail.com,1/15/2015
192,Doaa Mahmoud,1217538649,doaa.mahmoud192@gmail.com,9/10/2014
193,Rania Adel,1067959337,rania.adel193@gmail.com,5/25/2014
194,Rania Wael,1039561959,rania.wael194@gmail.com,7/10/2014
195,Wael Ali,1287333569,wael.ali195@gmail.com,3/15/2013
196,Hazem Mahmoud,1071756416,hazem.mahmoud196@gmail.com,1/10/2015
197,Lobna Lotfy,1537210198,lobna.lotfy197@gmail.com,5/10/2013
198,Nancy Tawfik,1265352538,nancy.tawfik198@gmail.com,7/25/2014
199,Sara Tawfik,1516535119,sara.tawfik199@gmail.com,12/10/2014
200,Wael Nasser,1519291420,wael.nasser200@gmail.com,7/10/2013
201,Hana Fathy,1112469456,hana.fathy201@gmail.com,10/25/2014
202,Adel Salah,1272960358,adel.salah202@gmail.com,8/5/2014
203,Heba Salah,1144355066,heba.salah203@gmail.com,10/5/2013
204,Wael Emad,1581273514,wael.emad204@gmail.com,5/20/2014
205,Dalia Zaki,1533752080,dalia.zaki205@gmail.com,8/1/2014
206,Mona Monir,1141451524,mona.monir206@gmail.com,1/15/2013
207,Sara Tawfik,1518697653,sara.tawfik207@gmail.com,2/25/2014
208,Mona Osama,1289243428,mona.osama208@gmail.com,4/1/2014
209,Mohamed Mahmoud,1139001880,mohamed.mahmoud209@gmail.com,5/10/2014
210,Salma Adel,1198297516,salma.adel210@gmail.com,4/20/2013
211,Khaled Fouad,1261252112,khaled.fouad211@gmail.com,8/1/2014
212,Mahmoud Ibrahim,1212384156,mahmoud.ibrahim212@gmail.com,11/25/2014
213,Amr Monir,1149429976,amr.monir213@gmail.com,6/5/2014
214,Samy Fathy,1095994982,samy.fathy214@gmail.com,11/5/2013
215,Salma Ibrahim,1553762011,salma.ibrahim215@gmail.com,3/10/2013
216,Heba Nasser,1199108527,heba.nasser216@gmail.com,10/5/2013
217,Omar Emad,1595722957,omar.emad217@gmail.com,11/1/2013
218,Lobna Salah,1039891837,lobna.salah218@gmail.com,6/1/2013
219,Essam Ibrahim,1224255006,essam.ibrahim219@gmail.com,10/25/2014
220,Khaled Atef,1161164770,khaled.atef220@gmail.com,1/20/2015
221,Mohamed Hassan,1269068945,mohamed.hassan221@gmail.com,2/15/2015
222,Nour Hamed,1550973433,nour.hamed222@gmail.com,1/1/2014
223,Nancy Nasser,1056589213,nancy.nasser223@gmail.com,12/5/2014
224,Khaled Gamal,1091181333,khaled.gamal224@gmail.com,10/15/2013
225,Essam Nasser,1176372523,essam.nasser225@gmail.com,12/25/2014
226,Heba Badr,1094016755,heba.badr226@gmail.com,4/1/2013
227,Essam Zaki,1168252505,essam.zaki227@gmail.com,11/20/2014
228,Nancy Ali,1093702322,nancy.ali228@gmail.com,10/10/2014
229,Karim Zaki,1095965392,karim.zaki229@gmail.com,7/1/2014
230,Mahmoud Ibrahim,1251379419,mahmoud.ibrahim230@gmail.com,4/10/2013
231,Karim Badr,1562175696,karim.badr231@gmail.com,5/1/2013
232,Omar Osama,1530416174,omar.osama232@gmail.com,3/5/2015
233,Hazem Samir,1064925681,hazem.samir233@gmail.com,9/1/2014
234,Nour Salah,1055940873,nour.salah234@gmail.com,11/1/2014
235,Reem Salah,1147598487,reem.salah235@gmail.com,1/10/2013
236,Mona Fathy,1575032172,mona.fathy236@gmail.com,2/5/2015
237,Ghada Atef,1533708155,ghada.atef237@gmail.com,1/1/2014
238,Ahmed Ali,1117881243,ahmed.ali238@gmail.com,9/10/2013
239,Dina Emad,1079783175,dina.emad239@gmail.com,6/15/2014
240,Dina Lotfy,1289118492,dina.lotfy240@gmail.com,12/20/2014
241,Nancy Ramadan,1130445510,nancy.ramadan241@gmail.com,2/5/2014
242,Essam Hamed,1566283521,essam.hamed242@gmail.com,12/5/2013
243,Omar Fathy,1289161074,omar.fathy243@gmail.com,3/20/2014
244,Samira Monir,1134313502,samira.monir244@gmail.com,4/10/2014
245,Khaled Fathy,1021106538,khaled.fathy245@gmail.com,1/10/2013
246,Tarek Adel,1541192927,tarek.adel246@gmail.com,10/1/2013
247,Mona Monir,1129451243,mona.monir247@gmail.com,7/25/2014
248,Adel Atef,1517363865,adel.atef248@gmail.com,11/20/2014
249,Ghada Tawfik,1232202919,ghada.tawfik249@gmail.com,7/1/2014
250,Samira Samir,1192812522,samira.samir250@gmail.com,4/10/2014
251,Amir Nasser,1147347106,amir.nasser251@gmail.com,11/25/2013
252,Dalia Khalil,1122267950,dalia.khalil252@gmail.com,11/5/2013
253,Mahmoud Nabil,1025728855,mahmoud.nabil253@gmail.com,6/1/2013
254,Ghada Nabil,1274060514,ghada.nabil254@gmail.com,6/5/2014
255,Nancy Nasser,1059748834,nancy.nasser255@gmail.com,5/10/2013
256,Bassem Fathy,1259447401,bassem.fathy256@gmail.com,11/15/2013
257,Amr Badr,1173156467,amr.badr257@gmail.com,4/10/2014
258,Ahmed Magdy,1191845111,ahmed.magdy258@gmail.com,10/1/2014
259,Sherif Mahmoud,1552898193,sherif.mahmoud259@gmail.com,8/1/2013
260,Ghada Youssef,1129757824,ghada.youssef260@gmail.com,12/25/2013
261,Sherif Nasser,1122885366,sherif.nasser261@gmail.com,9/20/2013
262,Heba Emad,1587323498,heba.emad262@gmail.com,7/10/2014
263,Ghada Ramadan,1184048974,ghada.ramadan263@gmail.com,1/5/2013
264,Adel Farouk,1160168687,adel.farouk264@gmail.com,1/20/2013
265,Ahmed Ramadan,1253714169,ahmed.ramadan265@gmail.com,2/25/2014
266,Mahmoud Ali,1279595130,mahmoud.ali266@gmail.com,8/5/2013
267,Essam Badr,1215592470,essam.badr267@gmail.com,9/5/2014
268,Dalia Samir,1535123134,dalia.samir268@gmail.com,4/15/2014
269,Reem Magdy,1534118892,reem.magdy269@gmail.com,1/15/2015
270,Yasmin Adel,1513127012,yasmin.adel270@gmail.com,7/5/2014
271,Amr Nabil,1278000049,amr.nabil271@gmail.com,8/20/2014
272,Bassem Wael,1080273261,bassem.wael272@gmail.com,3/15/2013
273,Amir Emad,1128237898,amir.emad273@gmail.com,6/25/2014
274,Hana Sobhy,1199173310,hana.sobhy274@gmail.com,4/15/2013
275,Mariam Lotfy,1212696026,mariam.lotfy275@gmail.com,3/20/2013
276,Dina Emad,1128210506,dina.emad276@gmail.com,8/5/2014
277,Mohamed Sobhy,1150364739,mohamed.sobhy277@gmail.com,5/1/2013
278,Nadia Monir,1573994924,nadia.monir278@gmail.com,3/10/2014
279,Doaa Adel,1538392953,doaa.adel279@gmail.com,9/20/2014
280,Dina Mostafa,1589203510,dina.mostafa280@gmail.com,2/5/2015
281,Dalia Osama,1080466148,dalia.osama281@gmail.com,2/5/2013
282,Fady Mostafa,1182427159,fady.mostafa282@gmail.com,2/1/2015
283,Ehab Hesham,1033600380,ehab.hesham283@gmail.com,7/10/2013
284,Iman Zaki,1554304598,iman.zaki284@gmail.com,8/5/2014
285,Amir Adel,1196591665,amir.adel285@gmail.com,9/20/2014
286,Doaa Nasser,1254583805,doaa.nasser286@gmail.com,5/25/2013
287,Amr Nabil,1261465683,amr.nabil287@gmail.com,7/15/2013
288,Amr Youssef,1082699332,amr.youssef288@gmail.com,9/20/2013
289,Hazem Sobhy,1544412131,hazem.sobhy289@gmail.com,12/10/2013
290,Tarek Tawfik,1526377771,tarek.tawfik290@gmail.com,9/25/2013
291,Mahmoud Ali,1520089384,mahmoud.ali291@gmail.com,12/25/2014
292,Doaa Ali,1586544529,doaa.ali292@gmail.com,2/10/2015
293,Yasmin Fathy,1255616471,yasmin.fathy293@gmail.com,4/5/2013
294,Sara Wael,1179618672,sara.wael294@gmail.com,7/10/2013
295,Essam Youssef,1061154914,essam.youssef295@gmail.com,7/5/2013
296,Tamer Magdy,1511974297,tamer.magdy296@gmail.com,2/1/2014
297,Layla Osama,1276486755,layla.osama297@gmail.com,5/15/2013
298,Nour Mostafa,1597366137,nour.mostafa298@gmail.com,9/1/2013
299,Ahmed Emad,1590328885,ahmed.emad299@gmail.com,3/5/2014
300,Mariam Monir,1152409912,mariam.monir300@gmail.com,2/10/2013
301,Tamer Wael,1219840600,tamer.wael301@gmail.com,6/25/2013
302,Bassem Gamal,1183432718,bassem.gamal302@gmail.com,11/15/2014
303,Dalia Fathy,1083608713,dalia.fathy303@gmail.com,10/25/2014
304,Mahmoud Monir,1514167756,mahmoud.monir304@gmail.com,11/10/2014
305,Khaled Ibrahim,1071792473,khaled.ibrahim305@gmail.com,5/5/2013
306,Nadia Fathy,1137425725,nadia.fathy306@gmail.com,6/1/2014
307,Mohamed Mostafa,1578630725,mohamed.mostafa307@gmail.com,2/5/2013
308,Samira Nabil,1284940609,samira.nabil308@gmail.com,10/15/2014
309,Nadia Nasser,1238107900,nadia.nasser309@gmail.com,9/20/2014
310,Tarek Sobhy,1036629338,tarek.sobhy310@gmail.com,8/10/2013
311,Karim Adel,1576542805,karim.adel311@gmail.com,6/20/2014
312,Bassem Adel,1119751809,bassem.adel312@gmail.com,2/5/2015
313,Khaled Zaki,1050859859,khaled.zaki313@gmail.com,10/25/2013
314,Samira Badr,1242304973,samira.badr314@gmail.com,2/25/2013
315,Tamer Osama,1554218045,tamer.osama315@gmail.com,5/1/2014
316,Samira Atef,1233699700,samira.atef316@gmail.com,6/1/2013
317,Ehab Mahmoud,1018819004,ehab.mahmoud317@gmail.com,11/10/2014
318,Lobna Nasser,1532297814,lobna.nasser318@gmail.com,2/20/2015
319,Dina Atef,1124065603,dina.atef319@gmail.com,6/5/2013
320,Amr Wael,1293096530,amr.wael320@gmail.com,7/20/2014
321,Samy Wael,1039152559,samy.wael321@gmail.com,3/10/2013
322,Tarek Zaki,1124346289,tarek.zaki322@gmail.com,6/20/2013
323,Khaled Osama,1070098686,khaled.osama323@gmail.com,1/20/2013
324,Samy Samir,1128865134,samy.samir324@gmail.com,10/1/2014
325,Ghada Magdy,1020650875,ghada.magdy325@gmail.com,11/20/2014
326,Ghada Fathy,1113244837,ghada.fathy326@gmail.com,6/20/2014
327,Bassem Hassan,1225616039,bassem.hassan327@gmail.com,5/5/2014
328,Reem Youssef,1532476705,reem.youssef328@gmail.com,5/25/2014
329,Dina Salah,1011299765,dina.salah329@gmail.com,1/15/2015
330,Reem Mostafa,1015707233,reem.mostafa330@gmail.com,1/20/2013
331,Khaled Lotfy,1153466957,khaled.lotfy331@gmail.com,3/20/2013
332,Iman Wael,1130951530,iman.wael332@gmail.com,9/5/2013
333,Dalia Nabil,1020088018,dalia.nabil333@gmail.com,10/5/2013
334,Salma Ali,1114013000,salma.ali334@gmail.com,1/1/2015
335,Ehab Badr,1090094981,ehab.badr335@gmail.com,2/5/2014
336,Ahmed Ibrahim,1262098907,ahmed.ibrahim336@gmail.com,3/15/2015
337,Doaa Ibrahim,1164087544,doaa.ibrahim337@gmail.com,2/15/2013
338,Wael Osama,1175891163,wael.osama338@gmail.com,7/20/2013
339,Sara Nabil,1258917187,sara.nabil339@gmail.com,3/1/2013
340,Heba Salah,1068237738,heba.salah340@gmail.com,9/20/2013
341,Reem Mostafa,1137757470,reem.mostafa341@gmail.com,4/10/2014
342,Mohamed Mahmoud,1535164963,mohamed.mahmoud342@gmail.com,6/25/2014
343,Tarek Gamal,1014787188,tarek.gamal343@gmail.com,2/5/2014
344,Heba Nasser,1526041318,heba.nasser344@gmail.com,9/20/2014
345,Sherif Ali,1299327588,sherif.ali345@gmail.com,4/5/2013
346,Fady Mahmoud,1139707606,fady.mahmoud346@gmail.com,6/10/2013
347,Mohamed Tawfik,1569475914,mohamed.tawfik347@gmail.com,9/15/2013
348,Nour Adel,1149381687,nour.adel348@gmail.com,1/1/2013
349,Lobna Hamed,1095594040,lobna.hamed349@gmail.com,9/15/2013
350,Fady Tawfik,1565683336,fady.tawfik350@gmail.com,3/10/2014
351,Sherif Mostafa,1039836119,sherif.mostafa351@gmail.com,5/10/2014
352,Iman Zaki,1274493656,iman.zaki352@gmail.com,12/25/2013
353,Yasmin Mostafa,1088925919,yasmin.mostafa353@gmail.com,2/15/2014
354,Samira Hassan,1013713066,samira.hassan354@gmail.com,12/15/2014
355,Samy Mahmoud,1529006965,samy.mahmoud355@gmail.com,5/1/2014
356,Adel Emad,1022418201,adel.emad356@gmail.com,2/5/2014
357,Karim Magdy,1197024833,karim.magdy357@gmail.com,6/5/2013
358,Hazem Wael,1210730034,hazem.wael358@gmail.com,1/20/2013
359,Iman Tawfik,1294976602,iman.tawfik359@gmail.com,4/20/2014
360,Amir Magdy,1262144942,amir.magdy360@gmail.com,1/5/2014
361,Amr Ali,1077377905,amr.ali361@gmail.com,5/15/2013
362,Nancy Hassan,1138670099,nancy.hassan362@gmail.com,8/5/2013
363,Ahmed Mahmoud,1556715435,ahmed.mahmoud363@gmail.com,5/10/2013
364,Nancy Magdy,1064488066,nancy.magdy364@gmail.com,1/20/2013
365,Nancy Mahmoud,1556849992,nancy.mahmoud365@gmail.com,2/10/2013
366,Wael Gamal,1087627415,wael.gamal366@gmail.com,7/25/2013
367,Doaa Fouad,1573506512,doaa.fouad367@gmail.com,4/1/2014
368,Mohamed Nasser,1522635762,mohamed.nasser368@gmail.com,5/20/2014
369,Amr Zaki,1195546801,amr.zaki369@gmail.com,10/25/2014
370,Nadia Farouk,1556409359,nadia.farouk370@gmail.com,7/1/2014
371,Dalia Badr,1532101323,dalia.badr371@gmail.com,1/10/2013
372,Hana Badr,1044506224,hana.badr372@gmail.com,12/20/2014
373,Adel Ibrahim,1040516880,adel.ibrahim373@gmail.com,5/10/2014
374,Fady Mostafa,1275483005,fady.mostafa374@gmail.com,5/1/2014
375,Nadia Ibrahim,1249120460,nadia.ibrahim375@gmail.com,7/1/2013
376,Lobna Mahmoud,1549652510,lobna.mahmoud376@gmail.com,3/10/2014
377,Bassem Ibrahim,1258765052,bassem.ibrahim377@gmail.com,1/20/2015
378,Amir Emad,1085152905,amir.emad378@gmail.com,3/5/2013
379,Nour Youssef,1067247771,nour.youssef379@gmail.com,2/1/2015
380,Reem Hamed,1536279746,reem.hamed380@gmail.com,2/10/2014
381,Karim Monir,1228150421,karim.monir381@gmail.com,8/1/2014
382,Tarek Tawfik,1237263444,tarek.tawfik382@gmail.com,6/15/2014
383,Dina Ali,1085899159,dina.ali383@gmail.com,11/5/2014
384,Amr Nasser,1217608335,amr.nasser384@gmail.com,11/5/2014
385,Rania Nasser,1599256684,rania.nasser385@gmail.com,1/20/2014
386,Salma Ali,1136589942,salma.ali386@gmail.com,6/25/2014
387,Ahmed Lotfy,1225078789,ahmed.lotfy387@gmail.com,9/25/2014
388,Nour Khalil,1511711830,nour.khalil388@gmail.com,8/1/2013
389,Layla Emad,1155046975,layla.emad389@gmail.com,2/20/2014
390,Yasmin Zaki,1035260790,yasmin.zaki390@gmail.com,11/25/2013
391,Dina Lotfy,1535028275,dina.lotfy391@gmail.com,8/25/2013
392,Dalia Hassan,1250153735,dalia.hassan392@gmail.com,3/25/2013
393,Adel Emad,1214238628,adel.emad393@gmail.com,5/1/2013
394,Doaa Mostafa,1592417639,doaa.mostafa394@gmail.com,2/15/2013
395,Reem Sobhy,1284419362,reem.sobhy395@gmail.com,8/1/2013
396,Ehab Mahmoud,1535223298,ehab.mahmoud396@gmail.com,3/15/2015
397,Bassem Farouk,1593005212,bassem.farouk397@gmail.com,5/10/2013
398,Mohamed Sobhy,1188523104,mohamed.sobhy398@gmail.com,7/1/2014
399,Reem Ramadan,1028336550,reem.ramadan399@gmail.com,3/15/2013
400,Doaa Hamed,1547282515,doaa.hamed400@gmail.com,6/10/2014
401,Lobna Wael,1272214791,lobna.wael401@gmail.com,12/20/2014
402,Reem Wael,1154411822,reem.wael402@gmail.com,3/1/2013
403,Ehab Nasser,1217780433,ehab.nasser403@gmail.com,4/5/2013
404,Samy Mostafa,1157805961,samy.mostafa404@gmail.com,8/25/2014
405,Ahmed Badr,1179074008,ahmed.badr405@gmail.com,7/10/2014
406,Rania Hassan,1179923012,rania.hassan406@gmail.com,3/20/2014
407,Fady Sobhy,1043673119,fady.sobhy407@gmail.com,11/5/2013
408,Mahmoud Zaki,1153262966,mahmoud.zaki408@gmail.com,3/5/2014
409,Hana Hassan,1134918570,hana.hassan409@gmail.com,12/1/2014
410,Mariam Gamal,1082037685,mariam.gamal410@gmail.com,6/5/2013
411,Heba Khalil,1056827127,heba.khalil411@gmail.com,8/25/2013
412,Mahmoud Adel,1191165467,mahmoud.adel412@gmail.com,2/20/2013
413,Fady Farouk,1068124842,fady.farouk413@gmail.com,9/25/2014
414,Iman Badr,1082647704,iman.badr414@gmail.com,10/15/2013
415,Nour Mostafa,1212491156,nour.mostafa415@gmail.com,5/10/2013
416,Karim Nabil,1572266063,karim.nabil416@gmail.com,6/1/2014
417,Tamer Youssef,1088071161,tamer.youssef417@gmail.com,6/5/2013
418,Mohamed Gamal,1075713961,mohamed.gamal418@gmail.com,5/5/2013
419,Tamer Lotfy,1090782535,tamer.lotfy419@gmail.com,4/1/2014
420,Adel Hamed,1256754707,adel.hamed420@gmail.com,12/25/2013
421,Mohamed Adel,1589335784,mohamed.adel421@gmail.com,5/25/2013
422,Samy Mostafa,1568248876,samy.mostafa422@gmail.com,9/1/2014
423,Bassem Salah,1242975038,bassem.salah423@gmail.com,5/25/2013
424,Ghada Hesham,1265452283,ghada.hesham424@gmail.com,10/1/2014
425,Karim Fathy,1290458662,karim.fathy425@gmail.com,8/20/2014
426,Essam Samir,1534166763,essam.samir426@gmail.com,6/10/2014
427,Iman Samir,1539318531,iman.samir427@gmail.com,8/1/2013
428,Mona Mostafa,1515756641,mona.mostafa428@gmail.com,9/1/2013
429,Essam Ibrahim,1053817362,essam.ibrahim429@gmail.com,6/10/2014
430,Hossam Sobhy,1224657843,hossam.sobhy430@gmail.com,12/5/2013
431,Khaled Zaki,1151364717,khaled.zaki431@gmail.com,9/1/2013
432,Mohamed Badr,1563308031,mohamed.badr432@gmail.com,11/1/2014
433,Iman Youssef,1561626882,iman.youssef433@gmail.com,12/10/2014
434,Dina Nabil,1514481977,dina.nabil434@gmail.com,4/1/2014
435,Dina Tawfik,1073188532,dina.tawfik435@gmail.com,1/5/2013
436,Amr Zaki,1234975977,amr.zaki436@gmail.com,11/1/2013
437,Karim Hesham,1169248615,karim.hesham437@gmail.com,11/20/2013
438,Bassem Lotfy,1181687404,bassem.lotfy438@gmail.com,2/25/2013
439,Khaled Farouk,1080535662,khaled.farouk439@gmail.com,12/5/2013
440,Yasmin Hamed,1035292286,yasmin.hamed440@gmail.com,3/20/2014
441,Lobna Atef,1068712168,lobna.atef441@gmail.com,12/25/2014
442,Hana Ramadan,1018775093,hana.ramadan442@gmail.com,5/15/2013
443,Nadia Lotfy,1532894239,nadia.lotfy443@gmail.com,2/1/2013
444,Salma Farouk,1271909709,salma.farouk444@gmail.com,11/25/2014
445,Lobna Badr,1156145337,lobna.badr445@gmail.com,2/5/2014
446,Rania Nasser,1256840564,rania.nasser446@gmail.com,6/20/2014
447,Samy Lotfy,1118618261,samy.lotfy447@gmail.com,5/5/2013
448,Hossam Magdy,1289517758,hossam.magdy448@gmail.com,8/15/2013
449,Hossam Wael,1173541182,hossam.wael449@gmail.com,1/20/2013
450,Ahmed Salah,1240010151,ahmed.salah450@gmail.com,12/10/2014
451,Yasmin Ali,1050025496,yasmin.ali451@gmail.com,12/10/2014
452,Amir Osama,1064304612,amir.osama452@gmail.com,4/25/2014
453,Karim Hassan,1045514329,karim.hassan453@gmail.com,3/25/2013
454,Samira Zaki,1027429420,samira.zaki454@gmail.com,1/1/2014
455,Nadia Wael,1184591044,nadia.wael455@gmail.com,11/10/2014
456,Amr Ramadan,1072718389,amr.ramadan456@gmail.com,9/20/2013
457,Mona Atef,1514561293,mona.atef457@gmail.com,12/5/2014
458,Wael Farouk,1537060576,wael.farouk458@gmail.com,4/10/2013
459,Mona Tawfik,1122574690,mona.tawfik459@gmail.com,11/1/2014
460,Dina Farouk,1527944432,dina.farouk460@gmail.com,7/10/2013
461,Tamer Hesham,1179806370,tamer.hesham461@gmail.com,1/5/2013
462,Samy Gamal,1097232637,samy.gamal462@gmail.com,10/20/2013
463,Ahmed Sobhy,1147203029,ahmed.sobhy463@gmail.com,1/5/2015
464,Rania Nabil,1063934190,rania.nabil464@gmail.com,1/5/2014
465,Adel Ramadan,1287930971,adel.ramadan465@gmail.com,8/25/2013
466,Lobna Farouk,1584488568,lobna.farouk466@gmail.com,5/1/2013
467,Bassem Badr,1173761969,bassem.badr467@gmail.com,6/15/2013
468,Amr Nabil,1584946680,amr.nabil468@gmail.com,5/10/2013
469,Ehab Ibrahim,1256352804,ehab.ibrahim469@gmail.com,9/25/2013
470,Tamer Samir,1277626018,tamer.samir470@gmail.com,11/20/2014
471,Sherif Ali,1121861177,sherif.ali471@gmail.com,9/15/2013
472,Hossam Osama,1064772783,hossam.osama472@gmail.com,3/5/2013
473,Sherif Mostafa,1219753625,sherif.mostafa473@gmail.com,9/5/2014
474,Mahmoud Lotfy,1511790375,mahmoud.lotfy474@gmail.com,7/15/2013
475,Samira Osama,1290241782,samira.osama475@gmail.com,1/15/2013
476,Lobna Samir,1543671926,lobna.samir476@gmail.com,11/15/2014
477,Samira Ibrahim,1055433146,samira.ibrahim477@gmail.com,2/5/2013
478,Sherif Tawfik,1066029033,sherif.tawfik478@gmail.com,9/15/2014
479,Dalia Ibrahim,1181281123,dalia.ibrahim479@gmail.com,10/20/2014
480,Sherif Lotfy,1190763816,sherif.lotfy480@gmail.com,12/1/2014
481,Fady Badr,1117766277,fady.badr481@gmail.com,12/20/2014
482,Hana Khalil,1170134699,hana.khalil482@gmail.com,11/1/2014
483,Omar Nasser,1586795741,omar.nasser483@gmail.com,3/25/2014
484,Sherif Tawfik,1242894936,sherif.tawfik484@gmail.com,6/25/2014
485,Tamer Magdy,1142611150,tamer.magdy485@gmail.com,8/10/2013
486,Sara Lotfy,1194871146,sara.lotfy486@gmail.com,1/20/2014
487,Samira Ramadan,1021475230,samira.ramadan487@gmail.com,3/15/2014
488,Karim Khalil,1141030995,karim.khalil488@gmail.com,3/5/2013
489,Doaa Osama,1018659440,doaa.osama489@gmail.com,1/15/2015
490,Hazem Wael,1515020681,hazem.wael490@gmail.com,4/15/2013
491,Hazem Atef,1030188465,hazem.atef491@gmail.com,12/25/2014
492,Ahmed Nasser,1268723377,ahmed.nasser492@gmail.com,5/10/2013
493,Amr Ali,1166348425,amr.ali493@gmail.com,6/10/2013
494,Nadia Salah,1551281428,nadia.salah494@gmail.com,10/10/2014
495,Fady Wael,1138731561,fady.wael495@gmail.com,8/1/2014
496,Dalia Nabil,1519425316,dalia.nabil496@gmail.com,9/10/2014
497,Iman Khalil,1170680126,iman.khalil497@gmail.com,8/15/2014
498,Mariam Hassan,1535264487,mariam.hassan498@gmail.com,3/10/2015
499,Fady Nabil,1042236255,fady.nabil499@gmail.com,6/10/2014
500,Ehab Tawfik,1067263128,ehab.tawfik500@gmail.com,4/10/2014
501,Lobna Hamed,1065416446,lobna.hamed501@gmail.com,2/10/2015
502,Ehab Nasser,1165728340,ehab.nasser502@gmail.com,6/5/2014
503,Sherif Zaki,1173837621,sherif.zaki503@gmail.com,4/25/2014
504,Mariam Sobhy,1078075420,mariam.sobhy504@gmail.com,12/15/2013
505,Reem Mostafa,1274673113,reem.mostafa505@gmail.com,8/5/2014
506,Lobna Atef,1580408008,lobna.atef506@gmail.com,4/10/2014
507,Heba Youssef,1255526505,heba.youssef507@gmail.com,10/15/2014
508,Iman Ramadan,1081903532,iman.ramadan508@gmail.com,10/25/2014
509,Yasmin Lotfy,1251883268,yasmin.lotfy509@gmail.com,12/1/2014
510,Heba Badr,1135516008,heba.badr510@gmail.com,3/20/2015
511,Doaa Ali,1227519037,doaa.ali511@gmail.com,12/10/2013
512,Hazem Gamal,1034483343,hazem.gamal512@gmail.com,3/25/2014
513,Doaa Osama,1030858205,doaa.osama513@gmail.com,6/1/2013
514,Lobna Khalil,1192926267,lobna.khalil514@gmail.com,3/5/2014
515,Tamer Salah,1063413763,tamer.salah515@gmail.com,5/15/2013
516,Ahmed Mostafa,1565168159,ahmed.mostafa516@gmail.com,9/25/2013
517,Amr Tawfik,1210342788,amr.tawfik517@gmail.com,10/15/2013
518,Samira Fouad,1050804903,samira.fouad518@gmail.com,10/1/2013
519,Adel Nasser,1093904359,adel.nasser519@gmail.com,7/20/2013
520,Karim Fathy,1078787591,karim.fathy520@gmail.com,5/1/2014
521,Ghada Gamal,1012037384,ghada.gamal521@gmail.com,11/10/2014
522,Mariam Sobhy,1092506154,mariam.sobhy522@gmail.com,2/10/2015
523,Wael Monir,1076575651,wael.monir523@gmail.com,10/10/2014
524,Bassem Fathy,1120747850,bassem.fathy524@gmail.com,11/1/2013
525,Tarek Fathy,1214332363,tarek.fathy525@gmail.com,8/1/2013
526,Lobna Khalil,1288927122,lobna.khalil526@gmail.com,1/10/2014
527,Layla Emad,1018852895,layla.emad527@gmail.com,6/5/2014
528,Amir Lotfy,1258974409,amir.lotfy528@gmail.com,2/15/2014
529,Lobna Hamed,1538479433,lobna.hamed529@gmail.com,7/10/2013
530,Ehab Ibrahim,1099430097,ehab.ibrahim530@gmail.com,10/1/2014
531,Ahmed Khalil,1262921286,ahmed.khalil531@gmail.com,3/15/2013
532,Fady Gamal,1538209978,fady.gamal532@gmail.com,11/5/2014
533,Nadia Mahmoud,1086805332,nadia.mahmoud533@gmail.com,6/5/2014
534,Ahmed Sobhy,1067927040,ahmed.sobhy534@gmail.com,5/5/2014
535,Rania Ramadan,1098582540,rania.ramadan535@gmail.com,3/15/2014
536,Yasmin Ibrahim,1560796896,yasmin.ibrahim536@gmail.com,6/5/2014
537,Mohamed Khalil,1149363766,mohamed.khalil537@gmail.com,1/10/2014
538,Amir Wael,1589171169,amir.wael538@gmail.com,4/25/2013
539,Samira Ibrahim,1238577931,samira.ibrahim539@gmail.com,10/20/2013
540,Doaa Adel,1554042299,doaa.adel540@gmail.com,8/15/2014
541,Fady Adel,1245280103,fady.adel541@gmail.com,5/20/2014
542,Mohamed Wael,1146013544,mohamed.wael542@gmail.com,8/20/2013
543,Mariam Hassan,1236086038,mariam.hassan543@gmail.com,11/1/2013
544,Mahmoud Salah,1194509825,mahmoud.salah544@gmail.com,2/5/2014
545,Nancy Atef,1588971775,nancy.atef545@gmail.com,6/1/2014
546,Doaa Hesham,1083381520,doaa.hesham546@gmail.com,5/25/2013
547,Samira Lotfy,1279461481,samira.lotfy547@gmail.com,12/20/2014
548,Sara Hamed,1048805849,sara.hamed548@gmail.com,1/25/2013
549,Yasmin Ramadan,1151044643,yasmin.ramadan549@gmail.com,11/10/2014
550,Salma Nasser,1224132867,salma.nasser550@gmail.com,6/25/2013
551,Doaa Mahmoud,1170422800,doaa.mahmoud551@gmail.com,3/10/2015
552,Nour Adel,1131228624,nour.adel552@gmail.com,3/5/2015
553,Bassem Badr,1090619291,bassem.badr553@gmail.com,1/10/2014
554,Nadia Farouk,1031921179,nadia.farouk554@gmail.com,4/15/2013
555,Yasmin Nasser,1254340018,yasmin.nasser555@gmail.com,7/20/2014
556,Nancy Fathy,1015492210,nancy.fathy556@gmail.com,9/5/2014
557,Layla Gamal,1561990796,layla.gamal557@gmail.com,12/20/2014
558,Adel Youssef,1117704254,adel.youssef558@gmail.com,5/5/2014
559,Bassem Ramadan,1269961144,bassem.ramadan559@gmail.com,11/10/2014
560,Yasmin Lotfy,1096885968,yasmin.lotfy560@gmail.com,4/20/2014
561,Omar Khalil,1048227663,omar.khalil561@gmail.com,5/5/2013
562,Sherif Wael,1571127013,sherif.wael562@gmail.com,9/15/2014
563,Doaa Osama,1287847711,doaa.osama563@gmail.com,9/15/2013
564,Tarek Hesham,1146414583,tarek.hesham564@gmail.com,2/20/2015
565,Doaa Osama,1172802428,doaa.osama565@gmail.com,4/10/2013
566,Tamer Ramadan,1552091721,tamer.ramadan566@gmail.com,3/1/2014
567,Salma Tawfik,1027741020,salma.tawfik567@gmail.com,2/5/2013
568,Nancy Hamed,1245429736,nancy.hamed568@gmail.com,2/1/2013
569,Amr Salah,1250015518,amr.salah569@gmail.com,9/20/2013
570,Ehab Monir,1160609171,ehab.monir570@gmail.com,2/5/2015
571,Salma Wael,1226251389,salma.wael571@gmail.com,11/1/2013
572,Doaa Wael,1546176531,doaa.wael572@gmail.com,12/5/2014
573,Mahmoud Ramadan,1590869358,mahmoud.ramadan573@gmail.com,1/10/2013
574,Mahmoud Sobhy,1579553922,mahmoud.sobhy574@gmail.com,7/1/2014
575,Iman Tawfik,1049865086,iman.tawfik575@gmail.com,6/5/2013
576,Dalia Atef,1153426428,dalia.atef576@gmail.com,2/1/2015
577,Sara Hesham,1291860033,sara.hesham577@gmail.com,3/5/2013
578,Nadia Khalil,1244951912,nadia.khalil578@gmail.com,8/25/2014
579,Hazem Samir,1517153289,hazem.samir579@gmail.com,8/5/2014
580,Tarek Emad,1246600419,tarek.emad580@gmail.com,3/15/2014
581,Hana Osama,1518555544,hana.osama581@gmail.com,3/15/2013
582,Nancy Gamal,1271749132,nancy.gamal582@gmail.com,7/25/2013
583,Ehab Osama,1217356885,ehab.osama583@gmail.com,8/10/2014
584,Ghada Ibrahim,1192000458,ghada.ibrahim584@gmail.com,6/5/2013
585,Mona Wael,1042109407,mona.wael585@gmail.com,8/1/2014
586,Dalia Samir,1040653681,dalia.samir586@gmail.com,2/10/2014
587,Mariam Magdy,1012496864,mariam.magdy587@gmail.com,12/25/2014
588,Amir Salah,1574465950,amir.salah588@gmail.com,8/15/2014
589,Ahmed Badr,1558080622,ahmed.badr589@gmail.com,2/5/2013
590,Omar Farouk,1190615241,omar.farouk590@gmail.com,8/10/2013
591,Ghada Wael,1592135579,ghada.wael591@gmail.com,9/10/2014
592,Samy Sobhy,1542860242,samy.sobhy592@gmail.com,4/25/2013
593,Lobna Sobhy,1518999119,lobna.sobhy593@gmail.com,11/1/2014
594,Hossam Samir,1564544194,hossam.samir594@gmail.com,7/20/2014
595,Mahmoud Ramadan,1064190989,mahmoud.ramadan595@gmail.com,10/25/2013
596,Iman Sobhy,1537867592,iman.sobhy596@gmail.com,11/20/2014
597,Rania Mostafa,1036559414,rania.mostafa597@gmail.com,7/1/2013
598,Mariam Youssef,1292540166,mariam.youssef598@gmail.com,11/1/2014
599,Mariam Hamed,1091878418,mariam.hamed599@gmail.com,11/20/2013
600,Hossam Wael,1247152167,hossam.wael600@gmail.com,1/5/2015
601,Adel Lotfy,1051983557,adel.lotfy601@gmail.com,10/15/2013
602,Hossam Hamed,1243345596,hossam.hamed602@gmail.com,11/25/2013
603,Heba Nabil,1248555946,heba.nabil603@gmail.com,5/10/2013
604,Tarek Mahmoud,1561041742,tarek.mahmoud604@gmail.com,8/5/2013
605,Nour Badr,1020235011,nour.badr605@gmail.com,8/15/2013
606,Mahmoud Fathy,1144180200,mahmoud.fathy606@gmail.com,10/15/2014
607,Amr Salah,1013163185,amr.salah607@gmail.com,2/5/2015
608,Amr Fouad,1057694326,amr.fouad608@gmail.com,11/15/2013
609,Doaa Gamal,1048766825,doaa.gamal609@gmail.com,4/1/2014
610,Hossam Magdy,1593079615,hossam.magdy610@gmail.com,6/25/2014
611,Nancy Ali,1020687908,nancy.ali611@gmail.com,2/20/2015
612,Amr Badr,1135252222,amr.badr612@gmail.com,4/20/2013
613,Ghada Youssef,1211957010,ghada.youssef613@gmail.com,12/15/2013
614,Rania Monir,1295532165,rania.monir614@gmail.com,8/10/2014
615,Ghada Magdy,1229514103,ghada.magdy615@gmail.com,8/20/2014
616,Karim Magdy,1522508527,karim.magdy616@gmail.com,8/10/2013
617,Lobna Lotfy,1142414762,lobna.lotfy617@gmail.com,10/15/2013
618,Sherif Fouad,1268504096,sherif.fouad618@gmail.com,3/15/2015
619,Samy Badr,1112674054,samy.badr619@gmail.com,4/25/2013
620,Ehab Nasser,1253014413,ehab.nasser620@gmail.com,8/1/2014
621,Hossam Wael,1065588835,hossam.wael621@gmail.com,8/10/2013
622,Heba Fouad,1217120171,heba.fouad622@gmail.com,6/20/2014
623,Nadia Ibrahim,1038696517,nadia.ibrahim623@gmail.com,4/5/2013
624,Dalia Hamed,1095404832,dalia.hamed624@gmail.com,9/20/2014
625,Sherif Zaki,1195690045,sherif.zaki625@gmail.com,6/10/2014
626,Amir Fouad,1138447499,amir.fouad626@gmail.com,11/25/2013
627,Karim Emad,1247774607,karim.emad627@gmail.com,7/5/2014
628,Khaled Youssef,1039579104,khaled.youssef628@gmail.com,12/1/2014
629,Hazem Hesham,1571063859,hazem.hesham629@gmail.com,8/10/2013
630,Karim Nasser,1216952434,karim.nasser630@gmail.com,4/5/2013
631,Nancy Fouad,1178469196,nancy.fouad631@gmail.com,3/1/2015
632,Rania Badr,1238206748,rania.badr632@gmail.com,3/5/2014
633,Bassem Gamal,1234181715,bassem.gamal633@gmail.com,3/15/2014
634,Karim Youssef,1596774369,karim.youssef634@gmail.com,1/1/2013
635,Adel Atef,1043293999,adel.atef635@gmail.com,10/15/2014
636,Nadia Atef,1554706925,nadia.atef636@gmail.com,4/1/2013
637,Sherif Hesham,1215820679,sherif.hesham637@gmail.com,8/20/2014
638,Hazem Fathy,1077510269,hazem.fathy638@gmail.com,2/15/2014
639,Mohamed Emad,1199909315,mohamed.emad639@gmail.com,12/1/2013
640,Nour Sobhy,1252314549,nour.sobhy640@gmail.com,12/10/2013
641,Mariam Atef,1220479701,mariam.atef641@gmail.com,6/15/2013
642,Nour Wael,1098834990,nour.wael642@gmail.com,7/10/2014
643,Omar Mahmoud,1289439387,omar.mahmoud643@gmail.com,8/10/2014
644,Bassem Nabil,1530875475,bassem.nabil644@gmail.com,3/1/2014
645,Sherif Khalil,1041143171,sherif.khalil645@gmail.com,6/1/2013
646,Ghada Salah,1260812768,ghada.salah646@gmail.com,2/5/2014
647,Iman Sobhy,1246435454,iman.sobhy647@gmail.com,6/10/2013
648,Ehab Hassan,1244114825,ehab.hassan648@gmail.com,1/20/2013
649,Nour Tawfik,1138280261,nour.tawfik649@gmail.com,5/15/2013
650,Heba Emad,1073374043,heba.emad650@gmail.com,12/25/2014
651,Adel Mostafa,1055938685,adel.mostafa651@gmail.com,9/1/2013
652,Tamer Hassan,1042198069,tamer.hassan652@gmail.com,12/15/2013
653,Bassem Samir,1162125828,bassem.samir653@gmail.com,7/1/2013
654,Mohamed Badr,1258896215,mohamed.badr654@gmail.com,4/20/2014
655,Reem Monir,1529819709,reem.monir655@gmail.com,10/15/2014
656,Samy Fathy,1559857532,samy.fathy656@gmail.com,5/10/2014
657,Reem Hesham,1583331913,reem.hesham657@gmail.com,10/10/2013
658,Iman Fathy,1190847706,iman.fathy658@gmail.com,1/20/2015
659,Nadia Farouk,1013957323,nadia.farouk659@gmail.com,1/20/2015
660,Reem Ibrahim,1269716139,reem.ibrahim660@gmail.com,12/10/2014
661,Salma Magdy,1181047936,salma.magdy661@gmail.com,1/15/2013
662,Heba Gamal,1534173957,heba.gamal662@gmail.com,10/20/2014
663,Sherif Fathy,1579582798,sherif.fathy663@gmail.com,9/10/2013
664,Ahmed Zaki,1085276617,ahmed.zaki664@gmail.com,3/1/2015
665,Ehab Ramadan,1294713208,ehab.ramadan665@gmail.com,2/5/2015
666,Mahmoud Hamed,1595233316,mahmoud.hamed666@gmail.com,1/20/2013
667,Salma Sobhy,1255831667,salma.sobhy667@gmail.com,6/25/2014
668,Amr Zaki,1260625447,amr.zaki668@gmail.com,8/25/2014
669,Ahmed Badr,1131010826,ahmed.badr669@gmail.com,8/1/2014
670,Omar Salah,1557872910,omar.salah670@gmail.com,11/5/2014
671,Salma Fouad,1217174555,salma.fouad671@gmail.com,1/20/2015
672,Ehab Adel,1099191837,ehab.adel672@gmail.com,6/15/2013
673,Sara Osama,1298987822,sara.osama673@gmail.com,6/10/2013
674,Sara Nasser,1588573772,sara.nasser674@gmail.com,3/1/2013
675,Wael Hamed,1187982373,wael.hamed675@gmail.com,1/25/2013
676,Hossam Fouad,1281533615,hossam.fouad676@gmail.com,11/20/2013
677,Lobna Osama,1192393249,lobna.osama677@gmail.com,8/1/2013
678,Sara Youssef,1294439139,sara.youssef678@gmail.com,11/25/2013
679,Hazem Hassan,1541611902,hazem.hassan679@gmail.com,5/5/2013
680,Heba Osama,1082668121,heba.osama680@gmail.com,1/1/2013
681,Rania Ibrahim,1117774499,rania.ibrahim681@gmail.com,9/10/2013
682,Hossam Osama,1191929722,hossam.osama682@gmail.com,4/1/2013
683,Hossam Fathy,1226820875,hossam.fathy683@gmail.com,7/10/2014
684,Dina Nabil,1565714968,dina.nabil684@gmail.com,6/25/2014
685,Hazem Osama,1013917930,hazem.osama685@gmail.com,9/25/2014
686,Heba Mostafa,1234555215,heba.mostafa686@gmail.com,7/25/2014
687,Fady Ramadan,1228143299,fady.ramadan687@gmail.com,2/1/2013
688,Dalia Mostafa,1035873835,dalia.mostafa688@gmail.com,1/10/2013
689,Ahmed Ibrahim,1520744651,ahmed.ibrahim689@gmail.com,11/10/2014
690,Iman Samir,1054362975,iman.samir690@gmail.com,7/20/2013
691,Heba Monir,1017974536,heba.monir691@gmail.com,10/1/2014
692,Nadia Ibrahim,1560673912,nadia.ibrahim692@gmail.com,12/10/2013
693,Bassem Ali,1513248190,bassem.ali693@gmail.com,1/15/2014
694,Hana Salah,1122941629,hana.salah694@gmail.com,5/25/2014
695,Adel Youssef,1127542720,adel.youssef695@gmail.com,1/20/2014
696,Doaa Fouad,1247684645,doaa.fouad696@gmail.com,9/5/2014
697,Rania Ali,1516475229,rania.ali697@gmail.com,5/20/2014
698,Nour Ramadan,1596422190,nour.ramadan698@gmail.com,11/1/2013
699,Adel Monir,1580915744,adel.monir699@gmail.com,11/20/2014
700,Essam Samir,1044310978,essam.samir700@gmail.com,6/5/2013
701,Dalia Mahmoud,1018048100,dalia.mahmoud701@gmail.com,8/15/2014
702,Amr Khalil,1077616569,amr.khalil702@gmail.com,11/25/2013
703,Lobna Fathy,1024056956,lobna.fathy703@gmail.com,5/1/2013
704,Wael Ali,1262439689,wael.ali704@gmail.com,12/15/2013
705,Wael Nabil,1554431738,wael.nabil705@gmail.com,12/1/2014
706,Amir Lotfy,1270379296,amir.lotfy706@gmail.com,2/10/2015
707,Mohamed Badr,1140188089,mohamed.badr707@gmail.com,6/1/2014
708,Wael Adel,1294990767,wael.adel708@gmail.com,2/5/2015
709,Hazem Sobhy,1590960611,hazem.sobhy709@gmail.com,4/15/2013
710,Mohamed Fouad,1174838263,mohamed.fouad710@gmail.com,11/15/2014
711,Nadia Salah,1552209923,nadia.salah711@gmail.com,7/25/2013
712,Bassem Sobhy,1082215428,bassem.sobhy712@gmail.com,1/5/2013
713,Nadia Gamal,1135984086,nadia.gamal713@gmail.com,12/5/2013
714,Bassem Hassan,1292123746,bassem.hassan714@gmail.com,12/5/2014
715,Layla Hassan,1514332220,layla.hassan715@gmail.com,1/1/2013
716,Mohamed Youssef,1572895999,mohamed.youssef716@gmail.com,3/25/2014
717,Fady Nasser,1556602746,fady.nasser717@gmail.com,9/15/2013
718,Essam Ramadan,1221993726,essam.ramadan718@gmail.com,7/1/2014
719,Bassem Magdy,1155835191,bassem.magdy719@gmail.com,4/10/2013
720,Omar Osama,1195182020,omar.osama720@gmail.com,9/15/2013
721,Nour Farouk,1278042648,nour.farouk721@gmail.com,7/25/2013
722,Dina Osama,1162115368,dina.osama722@gmail.com,10/15/2013
723,Sherif Adel,1083025550,sherif.adel723@gmail.com,3/5/2013
724,Mona Salah,1081842223,mona.salah724@gmail.com,10/25/2014
725,Karim Badr,1024403481,karim.badr725@gmail.com,8/1/2013
726,Amir Magdy,1050612277,amir.magdy726@gmail.com,1/25/2014
727,Iman Ali,1552756327,iman.ali727@gmail.com,8/20/2014
728,Lobna Youssef,1023411524,lobna.youssef728@gmail.com,6/20/2013
729,Salma Mahmoud,1579327797,salma.mahmoud729@gmail.com,5/15/2013
730,Ahmed Tawfik,1098517599,ahmed.tawfik730@gmail.com,8/10/2014
731,Mariam Badr,1541269925,mariam.badr731@gmail.com,4/20/2014
732,Tarek Ibrahim,1230433459,tarek.ibrahim732@gmail.com,6/25/2014
733,Lobna Farouk,1525374095,lobna.farouk733@gmail.com,4/1/2013
734,Ahmed Lotfy,1063007448,ahmed.lotfy734@gmail.com,11/20/2014
735,Mariam Magdy,1546788075,mariam.magdy735@gmail.com,6/25/2014
736,Samy Mahmoud,1273439255,samy.mahmoud736@gmail.com,11/1/2013
737,Reem Adel,1267409130,reem.adel737@gmail.com,12/10/2014
738,Heba Gamal,1195335171,heba.gamal738@gmail.com,8/25/2014
739,Nadia Samir,1233138395,nadia.samir739@gmail.com,2/15/2014
740,Wael Lotfy,1582258593,wael.lotfy740@gmail.com,2/1/2015
741,Heba Nabil,1574744682,heba.nabil741@gmail.com,10/10/2013
742,Heba Emad,1062080402,heba.emad742@gmail.com,5/10/2014
743,Sara Mostafa,1199667099,sara.mostafa743@gmail.com,11/15/2013
744,Lobna Hesham,1023401476,lobna.hesham744@gmail.com,12/5/2013
745,Mohamed Badr,1296769288,mohamed.badr745@gmail.com,3/15/2013
746,Salma Khalil,1057130147,salma.khalil746@gmail.com,5/1/2013
747,Essam Fathy,1599580808,essam.fathy747@gmail.com,10/10/2013
748,Hana Mostafa,1097308644,hana.mostafa748@gmail.com,2/1/2014
749,Adel Monir,1530259794,adel.monir749@gmail.com,3/10/2014
750,Tamer Ramadan,1022276205,tamer.ramadan750@gmail.com,4/10/2014
751,Nancy Atef,1294415276,nancy.atef751@gmail.com,10/20/2013
752,Iman Khalil,1222297845,iman.khalil752@gmail.com,5/20/2014
753,Tarek Monir,1068305346,tarek.monir753@gmail.com,8/25/2013
754,Ehab Hesham,1053072211,ehab.hesham754@gmail.com,6/10/2014
755,Hossam Ali,1113585240,hossam.ali755@gmail.com,1/15/2015
756,Dalia Ali,1221253777,dalia.ali756@gmail.com,11/5/2014
757,Bassem Nasser,1146790628,bassem.nasser757@gmail.com,1/5/2015
758,Bassem Ramadan,1153182086,bassem.ramadan758@gmail.com,7/15/2014
759,Mahmoud Ali,1569448514,mahmoud.ali759@gmail.com,3/15/2015
760,Sherif Hamed,1529457977,sherif.hamed760@gmail.com,1/15/2014
761,Mona Mahmoud,1572245455,mona.mahmoud761@gmail.com,5/15/2014
762,Hana Mahmoud,1548954067,hana.mahmoud762@gmail.com,11/5/2013
763,Mohamed Fathy,1548392920,mohamed.fathy763@gmail.com,10/5/2014
764,Samy Youssef,1128798403,samy.youssef764@gmail.com,5/20/2014
765,Mahmoud Mostafa,1280127667,mahmoud.mostafa765@gmail.com,9/15/2014
766,Mohamed Fathy,1188343039,mohamed.fathy766@gmail.com,3/5/2014
767,Omar Ramadan,1185182161,omar.ramadan767@gmail.com,2/5/2015
768,Sara Salah,1256768083,sara.salah768@gmail.com,12/5/2013
769,Mahmoud Khalil,1160684249,mahmoud.khalil769@gmail.com,6/25/2013
770,Salma Osama,1139963430,salma.osama770@gmail.com,5/10/2013
771,Layla Gamal,1027533468,layla.gamal771@gmail.com,12/25/2014
772,Wael Wael,1539922635,wael.wael772@gmail.com,12/10/2013
773,Ahmed Nasser,1093601076,ahmed.nasser773@gmail.com,7/25/2014
774,Mona Nasser,1567086231,mona.nasser774@gmail.com,3/15/2014
775,Layla Adel,1150715093,layla.adel775@gmail.com,6/1/2014
776,Essam Wael,1225411407,essam.wael776@gmail.com,6/15/2014
777,Tamer Samir,1073976786,tamer.samir777@gmail.com,4/20/2014
778,Khaled Lotfy,1043223828,khaled.lotfy778@gmail.com,4/25/2014
779,Hana Nabil,1253983693,hana.nabil779@gmail.com,12/1/2013
780,Wael Hassan,1210953635,wael.hassan780@gmail.com,1/25/2013
781,Reem Khalil,1544871960,reem.khalil781@gmail.com,3/5/2014
782,Mahmoud Ali,1565832892,mahmoud.ali782@gmail.com,6/25/2014
783,Samy Salah,1579478755,samy.salah783@gmail.com,1/20/2014
784,Rania Mostafa,1125964297,rania.mostafa784@gmail.com,8/15/2013
785,Wael Ramadan,1076491700,wael.ramadan785@gmail.com,11/25/2014
786,Sherif Farouk,1291422869,sherif.farouk786@gmail.com,1/5/2014
787,Dalia Samir,1144376042,dalia.samir787@gmail.com,4/10/2014
788,Tarek Hamed,1061929058,tarek.hamed788@gmail.com,1/15/2013
789,Yasmin Badr,1243328738,yasmin.badr789@gmail.com,2/5/2014
790,Omar Osama,1557358228,omar.osama790@gmail.com,2/5/2014
791,Mariam Mahmoud,1223248153,mariam.mahmoud791@gmail.com,5/10/2013
792,Tamer Nabil,1014375902,tamer.nabil792@gmail.com,5/5/2013
793,Nadia Zaki,1539848345,nadia.zaki793@gmail.com,1/5/2015
794,Dina Nabil,1187440242,dina.nabil794@gmail.com,10/15/2014
795,Sherif Khalil,1279763351,sherif.khalil795@gmail.com,11/20/2013
796,Nadia Salah,1023294541,nadia.salah796@gmail.com,6/20/2013
797,Wael Osama,1028181499,wael.osama797@gmail.com,7/25/2014
798,Adel Atef,1053176515,adel.atef798@gmail.com,5/10/2014
799,Samira Gamal,1190741926,samira.gamal799@gmail.com,1/5/2013
800,Tamer Mahmoud,1547820419,tamer.mahmoud800@gmail.com,12/15/2013
801,Adel Tawfik,1211880272,adel.tawfik801@gmail.com,11/10/2014
802,Ahmed Zaki,1113864908,ahmed.zaki802@gmail.com,11/25/2014
803,Nancy Hesham,1132357229,nancy.hesham803@gmail.com,1/1/2015
804,Sara Adel,1545087836,sara.adel804@gmail.com,5/1/2013
805,Nancy Fathy,1553727176,nancy.fathy805@gmail.com,12/20/2014
806,Nadia Ali,1185839065,nadia.ali806@gmail.com,11/10/2013
807,Wael Ramadan,1253211696,wael.ramadan807@gmail.com,6/10/2013
808,Mariam Nabil,1284503905,mariam.nabil808@gmail.com,8/5/2014
809,Tarek Magdy,1032629148,tarek.magdy809@gmail.com,11/1/2013
810,Ehab Badr,1552982787,ehab.badr810@gmail.com,6/25/2014
811,Layla Ramadan,1011795630,layla.ramadan811@gmail.com,12/15/2014
812,Ahmed Emad,1099808758,ahmed.emad812@gmail.com,6/1/2013
813,Mahmoud Sobhy,1010929706,mahmoud.sobhy813@gmail.com,11/15/2013
814,Ahmed Hassan,1236188180,ahmed.hassan814@gmail.com,8/10/2014
815,Dalia Youssef,1580315538,dalia.youssef815@gmail.com,9/10/2014
816,Amr Khalil,1116860688,amr.khalil816@gmail.com,9/1/2013
817,Ahmed Lotfy,1018242865,ahmed.lotfy817@gmail.com,12/1/2014
818,Khaled Badr,1586652180,khaled.badr818@gmail.com,8/5/2013
819,Amr Farouk,1560796271,amr.farouk819@gmail.com,5/20/2014
820,Amr Mahmoud,1246119868,amr.mahmoud820@gmail.com,3/25/2013
821,Reem Adel,1087636397,reem.adel821@gmail.com,12/25/2014
822,Nour Lotfy,1027030684,nour.lotfy822@gmail.com,8/10/2014
823,Tarek Fathy,1189772629,tarek.fathy823@gmail.com,2/1/2014
824,Hana Zaki,1539079617,hana.zaki824@gmail.com,3/5/2014
825,Dalia Sobhy,1151117789,dalia.sobhy825@gmail.com,2/1/2015
826,Amr Atef,1536874839,amr.atef826@gmail.com,12/25/2014
827,Tamer Sobhy,1596552357,tamer.sobhy827@gmail.com,12/10/2013
828,Essam Gamal,1291739525,essam.gamal828@gmail.com,4/20/2013
829,Nour Fathy,1140829947,nour.fathy829@gmail.com,11/5/2013
830,Amir Emad,1271141444,amir.emad830@gmail.com,7/10/2013
831,Samira Nabil,1145238137,samira.nabil831@gmail.com,6/1/2014
832,Bassem Nabil,1068341179,bassem.nabil832@gmail.com,4/10/2013
833,Nancy Hassan,1253107981,nancy.hassan833@gmail.com,12/20/2014
834,Adel Emad,1112489843,adel.emad834@gmail.com,7/10/2013
835,Tamer Ramadan,1046490295,tamer.ramadan835@gmail.com,2/1/2015
836,Nancy Zaki,1091835402,nancy.zaki836@gmail.com,1/20/2014
837,Khaled Ramadan,1586007755,khaled.ramadan837@gmail.com,2/25/2014
838,Amr Nabil,1035112442,amr.nabil838@gmail.com,8/20/2014
839,Nancy Sobhy,1046888202,nancy.sobhy839@gmail.com,3/1/2014
840,Mona Monir,1019533894,mona.monir840@gmail.com,12/25/2014
841,Essam Mahmoud,1594065177,essam.mahmoud841@gmail.com,7/25/2013
842,Samira Nasser,1279267766,samira.nasser842@gmail.com,1/25/2014
843,Dalia Hesham,1546299142,dalia.hesham843@gmail.com,2/5/2015
844,Mona Ali,1087351959,mona.ali844@gmail.com,8/10/2013
845,Mariam Samir,1556519153,mariam.samir845@gmail.com,12/1/2014
846,Mohamed Badr,1598152337,mohamed.badr846@gmail.com,8/25/2013
847,Mohamed Fouad,1084819349,mohamed.fouad847@gmail.com,1/25/2013
848,Reem Lotfy,1020782189,reem.lotfy848@gmail.com,1/5/2015
849,Adel Hamed,1198261042,adel.hamed849@gmail.com,2/20/2014
850,Salma Gamal,1198261015,salma.gamal850@gmail.com,3/15/2015
851,Tarek Gamal,1260145259,tarek.gamal851@gmail.com,6/25/2014
852,Samira Hassan,1266954946,samira.hassan852@gmail.com,2/20/2015
853,Ahmed Hassan,1055561612,ahmed.hassan853@gmail.com,12/25/2014
854,Rania Youssef,1161026924,rania.youssef854@gmail.com,7/15/2013
855,Hazem Atef,1149379107,hazem.atef855@gmail.com,3/20/2015
856,Nadia Khalil,1514988966,nadia.khalil856@gmail.com,1/5/2013
857,Tarek Monir,1225581229,tarek.monir857@gmail.com,1/10/2015
858,Sara Wael,1528653637,sara.wael858@gmail.com,2/1/2014
859,Hazem Sobhy,1516793745,hazem.sobhy859@gmail.com,4/10/2014
860,Lobna Atef,1531385665,lobna.atef860@gmail.com,1/5/2014
861,Dalia Osama,1548768136,dalia.osama861@gmail.com,8/15/2014
862,Doaa Mostafa,1081326759,doaa.mostafa862@gmail.com,10/1/2013
863,Fady Lotfy,1199840401,fady.lotfy863@gmail.com,11/25/2014
864,Nancy Hassan,1017621753,nancy.hassan864@gmail.com,2/15/2013
865,Mariam Mostafa,1296026063,mariam.mostafa865@gmail.com,8/15/2014
866,Samy Nabil,1077765190,samy.nabil866@gmail.com,1/15/2013
867,Mona Badr,1116114971,mona.badr867@gmail.com,7/15/2013
868,Amr Farouk,1052417035,amr.farouk868@gmail.com,1/1/2015
869,Lobna Badr,1271295554,lobna.badr869@gmail.com,11/15/2013
870,Bassem Sobhy,1584526560,bassem.sobhy870@gmail.com,8/25/2013
871,Samira Adel,1560753938,samira.adel871@gmail.com,3/20/2014
872,Salma Emad,1256579671,salma.emad872@gmail.com,6/25/2013
873,Fady Magdy,1584819507,fady.magdy873@gmail.com,2/20/2014
874,Doaa Badr,1213284314,doaa.badr874@gmail.com,7/5/2014
875,Doaa Nasser,1580483536,doaa.nasser875@gmail.com,8/1/2013
876,Hossam Hamed,1524974239,hossam.hamed876@gmail.com,10/15/2013
877,Sara Ali,1033589060,sara.ali877@gmail.com,3/15/2014
878,Reem Nasser,1596043550,reem.nasser878@gmail.com,12/5/2013
879,Fady Adel,1142033579,fady.adel879@gmail.com,1/5/2014
880,Salma Fathy,1228284691,salma.fathy880@gmail.com,2/1/2015
881,Mona Nabil,1248631598,mona.nabil881@gmail.com,8/10/2014
882,Ahmed Hamed,1051791137,ahmed.hamed882@gmail.com,4/25/2014
883,Sara Gamal,1538455259,sara.gamal883@gmail.com,9/10/2013
884,Lobna Ali,1590981300,lobna.ali884@gmail.com,3/5/2014
885,Omar Adel,1080138869,omar.adel885@gmail.com,5/10/2013
886,Tamer Wael,1036551425,tamer.wael886@gmail.com,11/20/2014
887,Salma Adel,1297906587,salma.adel887@gmail.com,3/15/2015
888,Reem Gamal,1231948898,reem.gamal888@gmail.com,8/15/2013
889,Heba Magdy,1099277799,heba.magdy889@gmail.com,9/1/2013
890,Sherif Badr,1148763550,sherif.badr890@gmail.com,4/5/2013
891,Essam Zaki,1572011023,essam.zaki891@gmail.com,4/20/2013
892,Dina Magdy,1024488073,dina.magdy892@gmail.com,5/1/2014
893,Salma Atef,1549528740,salma.atef893@gmail.com,9/5/2013
894,Doaa Ali,1283216296,doaa.ali894@gmail.com,1/1/2013
895,Tamer Magdy,1291015804,tamer.magdy895@gmail.com,7/15/2013
896,Salma Mahmoud,1239977744,salma.mahmoud896@gmail.com,6/20/2014
897,Heba Sobhy,1273126467,heba.sobhy897@gmail.com,11/20/2013
898,Nancy Farouk,1274419444,nancy.farouk898@gmail.com,5/15/2014
899,Mahmoud Salah,1177866372,mahmoud.salah899@gmail.com,6/20/2014
900,Dina Wael,1080658160,dina.wael900@gmail.com,9/15/2014
901,Wael Wael,1252465147,wael.wael901@gmail.com,11/10/2014
902,Nour Salah,1235374109,nour.salah902@gmail.com,4/10/2013
903,Essam Ramadan,1231818964,essam.ramadan903@gmail.com,3/25/2013
904,Salma Fouad,1095925328,salma.fouad904@gmail.com,2/5/2013
905,Ghada Farouk,1028007273,ghada.farouk905@gmail.com,6/25/2014
906,Mohamed Emad,1275779047,mohamed.emad906@gmail.com,1/20/2014
907,Nour Youssef,1255098584,nour.youssef907@gmail.com,4/20/2014
908,Dalia Sobhy,1566835720,dalia.sobhy908@gmail.com,1/10/2015
909,Ghada Emad,1095950826,ghada.emad909@gmail.com,8/5/2013
910,Mariam Magdy,1040487371,mariam.magdy910@gmail.com,2/10/2013
911,Adel Magdy,1170535116,adel.magdy911@gmail.com,9/25/2013
912,Omar Khalil,1156782055,omar.khalil912@gmail.com,1/20/2015
913,Samy Mahmoud,1141667669,samy.mahmoud913@gmail.com,12/1/2013
914,Ghada Tawfik,1137087920,ghada.tawfik914@gmail.com,8/15/2013
915,Amir Atef,1034310149,amir.atef915@gmail.com,1/5/2014
916,Reem Gamal,1520410027,reem.gamal916@gmail.com,5/10/2013
917,Doaa Samir,1546237590,doaa.samir917@gmail.com,9/25/2013
918,Fady Mahmoud,1290118482,fady.mahmoud918@gmail.com,6/10/2013
919,Samira Fouad,1536999473,samira.fouad919@gmail.com,6/20/2013
920,Adel Atef,1030650547,adel.atef920@gmail.com,9/20/2013
921,Omar Lotfy,1295087125,omar.lotfy921@gmail.com,2/10/2013
922,Tarek Magdy,1015968892,tarek.magdy922@gmail.com,5/5/2014
923,Ahmed Sobhy,1562059050,ahmed.sobhy923@gmail.com,10/25/2013
924,Nadia Nasser,1137867319,nadia.nasser924@gmail.com,12/25/2013
925,Mariam Hassan,1197181487,mariam.hassan925@gmail.com,5/1/2014
926,Bassem Mostafa,1263429311,bassem.mostafa926@gmail.com,12/25/2013
927,Khaled Atef,1595673540,khaled.atef927@gmail.com,8/15/2013
928,Tamer Khalil,1515063961,tamer.khalil928@gmail.com,8/5/2013
929,Fady Youssef,1058316587,fady.youssef929@gmail.com,4/20/2013
930,Hazem Zaki,1157110948,hazem.zaki930@gmail.com,5/1/2013
931,Lobna Youssef,1199731208,lobna.youssef931@gmail.com,5/5/2014
932,Samira Emad,1045331206,samira.emad932@gmail.com,2/5/2014
933,Dalia Emad,1162138215,dalia.emad933@gmail.com,3/5/2013
934,Hana Fouad,1154802082,hana.fouad934@gmail.com,1/5/2014
935,Lobna Youssef,1144422809,lobna.youssef935@gmail.com,2/15/2013
936,Ghada Monir,1241830633,ghada.monir936@gmail.com,2/25/2013
937,Hossam Badr,1025559073,hossam.badr937@gmail.com,10/15/2013
938,Essam Hassan,1045747821,essam.hassan938@gmail.com,4/15/2014
939,Mahmoud Monir,1173521335,mahmoud.monir939@gmail.com,4/15/2014
940,Amr Farouk,1216912707,amr.farouk940@gmail.com,10/15/2014
941,Adel Ali,1266214403,adel.ali941@gmail.com,12/25/2014
942,Iman Mostafa,1259121423,iman.mostafa942@gmail.com,4/5/2014
943,Hossam Mostafa,1289197336,hossam.mostafa943@gmail.com,12/20/2014
944,Khaled Magdy,1184698064,khaled.magdy944@gmail.com,12/1/2013
945,Bassem Fathy,1549874490,bassem.fathy945@gmail.com,11/15/2014
946,Doaa Tawfik,1015878135,doaa.tawfik946@gmail.com,3/20/2014
947,Amir Osama,1137170879,amir.osama947@gmail.com,11/10/2014
948,Ahmed Lotfy,1164499917,ahmed.lotfy948@gmail.com,5/15/2014
949,Ahmed Tawfik,1211347669,ahmed.tawfik949@gmail.com,1/25/2014
950,Mona Lotfy,1213520028,mona.lotfy950@gmail.com,5/10/2013
951,Wael Khalil,1212082971,wael.khalil951@gmail.com,3/5/2014
952,Mariam Zaki,1556574888,mariam.zaki952@gmail.com,2/20/2014
953,Mahmoud Fathy,1096641001,mahmoud.fathy953@gmail.com,5/25/2014
954,Ghada Salah,1589289109,ghada.salah954@gmail.com,10/5/2014
955,Tarek Samir,1132715024,tarek.samir955@gmail.com,1/10/2014
956,Layla Ali,1242243271,layla.ali956@gmail.com,1/20/2013
957,Nour Wael,1118599853,nour.wael957@gmail.com,1/10/2015
958,Omar Adel,1067658058,omar.adel958@gmail.com,1/1/2015
959,Lobna Fouad,1043050997,lobna.fouad959@gmail.com,5/5/2014
960,Sherif Gamal,1022201828,sherif.gamal960@gmail.com,1/25/2014
961,Hana Fouad,1030667686,hana.fouad961@gmail.com,12/10/2014
962,Hossam Mahmoud,1129382923,hossam.mahmoud962@gmail.com,10/5/2013
963,Amr Salah,1526188579,amr.salah963@gmail.com,12/15/2013
964,Ahmed Atef,1195364563,ahmed.atef964@gmail.com,1/5/2014
965,Fady Hamed,1129547822,fady.hamed965@gmail.com,12/1/2013
966,Nancy Youssef,1148553201,nancy.youssef966@gmail.com,11/5/2013
967,Mohamed Youssef,1127649760,mohamed.youssef967@gmail.com,3/10/2013
968,Ahmed Hassan,1035592828,ahmed.hassan968@gmail.com,6/15/2013
969,Salma Magdy,1183091377,salma.magdy969@gmail.com,7/25/2013
970,Mona Zaki,1154682532,mona.zaki970@gmail.com,3/15/2013
971,Tamer Fouad,1586124869,tamer.fouad971@gmail.com,5/1/2013
972,Iman Gamal,1131716308,iman.gamal972@gmail.com,3/1/2015
973,Ghada Wael,1095391715,ghada.wael973@gmail.com,9/20/2014
974,Mariam Samir,1279718807,mariam.samir974@gmail.com,12/20/2013
975,Mariam Hesham,1560445832,mariam.hesham975@gmail.com,1/5/2014
976,Nour Badr,1571521649,nour.badr976@gmail.com,1/20/2015
977,Amir Farouk,1519276427,amir.farouk977@gmail.com,12/20/2013
978,Ahmed Salah,1110035826,ahmed.salah978@gmail.com,8/25/2014
979,Sara Fathy,1062628267,sara.fathy979@gmail.com,11/10/2013
980,Sherif Wael,1027295330,sherif.wael980@gmail.com,9/20/2014
981,Yasmin Monir,1054876883,yasmin.monir981@gmail.com,7/1/2014
982,Lobna Fouad,1166558922,lobna.fouad982@gmail.com,3/25/2013
983,Adel Hesham,1167622578,adel.hesham983@gmail.com,8/25/2013
984,Tamer Youssef,1253117599,tamer.youssef984@gmail.com,2/20/2015
985,Dalia Tawfik,1570461447,dalia.tawfik985@gmail.com,8/10/2014
986,Yasmin Salah,1150362608,yasmin.salah986@gmail.com,9/5/2013
987,Samira Youssef,1047495499,samira.youssef987@gmail.com,7/10/2014
988,Amr Fathy,1132247105,amr.fathy988@gmail.com,8/25/2013
989,Amr Magdy,1136413154,amr.magdy989@gmail.com,11/5/2014
990,Dina Farouk,1233703086,dina.farouk990@gmail.com,7/25/2013
991,Bassem Gamal,1061644555,bassem.gamal991@gmail.com,7/5/2013
992,Adel Zaki,1087967438,adel.zaki992@gmail.com,1/10/2014
993,Sara Badr,1047299166,sara.badr993@gmail.com,1/20/2014
994,Khaled Samir,1255418453,khaled.samir994@gmail.com,7/25/2013
995,Layla Tawfik,1143774551,layla.tawfik995@gmail.com,4/20/2014
996,Doaa Lotfy,1080115618,doaa.lotfy996@gmail.com,1/5/2015
997,Iman Tawfik,1196451431,iman.tawfik997@gmail.com,3/25/2014
998,Sara Nasser,1530973952,sara.nasser998@gmail.com,3/15/2015
999,Yasmin Farouk,1547357443,yasmin.farouk999@gmail.com,5/20/2013
1000,Reem Monir,1155903269,reem.monir1000@gmail.com,12/15/2014
